,Toxicity type prompts (Human) (57),Toxicity type prompts (Rat) (2),ABT Q/A prompts (474)
Claude 3.5 Sonnet,36.8421052631579,50.0,88.39662447257383
GPT-4o,28.07017543859649,0.0,91.35021097046413
Gemini 1.5 Pro,29.82456140350877,50.0,91.35021097046413
Llama 3.1 405B,26.31578947368421,0.0,86.91983122362869
Mistral Large 2,31.57894736842105,0.0,87.55274261603375
Toxipe (RAG) [Claude-3.5 Sonnet],12.280701754385966,0.0,86.49789029535864
Toxipe (RAG) [GPT-4o],8.771929824561404,0.0,85.0210970464135
Toxipe (RAG) [Gemini 1.5 Pro],10.526315789473685,0.0,87.34177215189874
Toxipe (RAG) [Mistral Large],19.29824561403509,0.0,78.05907172995781
